Content Name,Aggregated Popularity,Rank
dog_image9.jpg,10.270100000000001,1
cat_image19.jpg,9.7484,2
dog_image15.jpg,9.3389,3
cat_image28.jpg,9.1789,4
dog_image44.jpg,8.5663,5
cat_image5.jpg,8.4278,6
cat_image24.jpg,8.109,7
cat_image10.jpg,7.179600000000001,8
cat_image38.jpg,7.1665,9
dog_image41.jpg,6.8225999999999996,10
cat_image40.jpg,6.774800000000001,11
dog_image11.jpg,6.5847999999999995,12
dog_image8.jpg,6.5056,13
dog_image5.jpg,6.5038,14
dog_image23.jpg,6.4131,15
dog_image49.jpg,6.3199000000000005,16
dog_image50.jpg,6.2531,17
cat_image48.jpg,6.2531,18
dog_image37.jpg,5.9975000000000005,19
dog_image27.jpg,5.9899000000000004,20
dog_image45.jpg,5.9821,21
dog_image2.jpg,5.8975,22
cat_image27.jpg,5.8521,23
cat_image39.jpg,5.8436,24
dog_image28.jpg,5.7314,25
cat_image35.jpg,5.6067,26
dog_image33.jpg,5.6067,27
cat_image7.jpg,5.1850000000000005,28
dog_image39.jpg,5.1396,29
cat_image12.jpg,5.0728,30
dog_image35.jpg,5.0509,31
cat_image16.jpg,5.0387,32
cat_image49.jpg,4.8609,33
dog_image42.jpg,4.8533,34
dog_image40.jpg,4.7486999999999995,35
cat_image50.jpg,4.7148,36
dog_image46.jpg,4.6633,37
cat_image8.jpg,4.6633,38
dog_image43.jpg,4.5823,39
dog_image21.jpg,4.5633,40
cat_image45.jpg,4.4891000000000005,41
dog_image3.jpg,4.3194,42
cat_image33.jpg,4.1947,43
dog_image16.jpg,4.0606,44
cat_image21.jpg,3.8584,45
dog_image12.jpg,3.8508,46
dog_image17.jpg,3.8289,47
dog_image4.jpg,3.7852,48
cat_image23.jpg,3.7196000000000002,49
cat_image37.jpg,3.6313,50
cat_image20.jpg,3.5389,51
cat_image9.jpg,3.4142,52
dog_image20.jpg,3.3874,53
cat_image6.jpg,3.2947,54
dog_image25.jpg,3.2218,55
cat_image30.jpg,3.2218,56
dog_image47.jpg,3.1703,57
dog_image22.jpg,2.9803,58
cat_image29.jpg,2.9803,59
cat_image2.jpg,2.8264,60
cat_image14.jpg,2.7608,61
dog_image1.jpg,2.7608,62
dog_image6.jpg,2.6364,63
dog_image31.jpg,2.5093,64
cat_image22.jpg,2.5093,65
cat_image17.jpg,2.4708,66
dog_image26.jpg,2.4169,67
cat_image31.jpg,2.3359,68
cat_image42.jpg,2.2843999999999998,69
dog_image34.jpg,2.2269,70
dog_image38.jpg,2.1998,71
cat_image44.jpg,2.1754000000000002,72
dog_image48.jpg,2.1654,73
cat_image43.jpg,2.1459,74
cat_image34.jpg,2.0998,75
dog_image32.jpg,2.0459,76
cat_image4.jpg,1.992,77
dog_image29.jpg,1.8754,78
dog_image18.jpg,1.8559,79
cat_image1.jpg,1.702,80
dog_image24.jpg,1.5849,81
cat_image32.jpg,1.5310000000000001,82
cat_image26.jpg,1.5310000000000001,83
dog_image14.jpg,1.512,84
cat_image18.jpg,1.4949000000000001,85
dog_image30.jpg,1.431,86
dog_image13.jpg,1.3410000000000002,87
cat_image47.jpg,1.3410000000000002,88
cat_image41.jpg,1.2949000000000002,89
dog_image10.jpg,1.241,90
cat_image13.jpg,1.1510000000000002,91
cat_image11.jpg,1.07,92
cat_image3.jpg,0.97,93
cat_image25.jpg,0.851,94
cat_image15.jpg,0.69,95
dog_image19.jpg,0.6799999999999999,96
cat_image36.jpg,0.5900000000000001,97
dog_image36.jpg,0.5,98
cat_image46.jpg,0.2,99
dog_image7.jpg,0.1,100
