Content Name,R_count,Popularity,Rank
dog_image9.jpg,9,3.4868,1
cat_image19.jpg,9,3.4868,1
cat_image28.jpg,9,3.4868,1
dog_image15.jpg,9,3.4868,1
dog_image8.jpg,9,3.4868,1
cat_image10.jpg,9,3.4868,1
dog_image39.jpg,8,2.8742,7
dog_image49.jpg,8,2.8742,7
cat_image27.jpg,8,2.8742,7
dog_image44.jpg,8,2.8742,7
dog_image41.jpg,8,2.8742,7
cat_image5.jpg,8,2.8742,7
cat_image38.jpg,8,2.8742,7
dog_image23.jpg,8,2.8742,7
cat_image48.jpg,7,2.3047,15
dog_image11.jpg,7,2.3047,15
cat_image40.jpg,7,2.3047,15
dog_image5.jpg,7,2.3047,15
dog_image37.jpg,7,2.3047,15
dog_image50.jpg,7,2.3047,15
cat_image24.jpg,7,2.3047,15
dog_image40.jpg,7,2.3047,15
dog_image2.jpg,7,2.3047,15
cat_image16.jpg,7,2.3047,15
dog_image45.jpg,7,2.3047,15
dog_image16.jpg,7,2.3047,15
cat_image39.jpg,7,2.3047,15
dog_image27.jpg,7,2.3047,15
cat_image7.jpg,7,2.3047,15
cat_image45.jpg,7,2.3047,15
dog_image28.jpg,6,1.783,31
dog_image35.jpg,6,1.783,31
cat_image49.jpg,6,1.783,31
dog_image43.jpg,6,1.783,31
dog_image21.jpg,6,1.783,31
cat_image12.jpg,6,1.783,31
dog_image3.jpg,6,1.783,31
cat_image35.jpg,6,1.783,31
cat_image8.jpg,6,1.783,31
dog_image20.jpg,6,1.783,31
dog_image46.jpg,6,1.783,31
dog_image42.jpg,6,1.783,31
dog_image17.jpg,6,1.783,31
cat_image20.jpg,6,1.783,31
cat_image21.jpg,6,1.783,31
dog_image33.jpg,6,1.783,31
cat_image50.jpg,6,1.783,31
cat_image9.jpg,5,1.3144,48
cat_image29.jpg,5,1.3144,48
cat_image42.jpg,5,1.3144,48
cat_image44.jpg,5,1.3144,48
dog_image12.jpg,5,1.3144,48
cat_image2.jpg,5,1.3144,48
dog_image4.jpg,5,1.3144,48
dog_image47.jpg,5,1.3144,48
dog_image31.jpg,5,1.3144,48
cat_image37.jpg,5,1.3144,48
dog_image22.jpg,5,1.3144,48
dog_image6.jpg,5,1.3144,48
cat_image22.jpg,5,1.3144,48
dog_image29.jpg,5,1.3144,48
cat_image33.jpg,5,1.3144,48
dog_image48.jpg,5,1.3144,48
cat_image17.jpg,4,0.9049,64
dog_image1.jpg,4,0.9049,64
dog_image38.jpg,4,0.9049,64
cat_image43.jpg,4,0.9049,64
cat_image14.jpg,4,0.9049,64
dog_image25.jpg,4,0.9049,64
cat_image30.jpg,4,0.9049,64
dog_image34.jpg,4,0.9049,64
cat_image23.jpg,4,0.9049,64
cat_image34.jpg,4,0.9049,64
cat_image6.jpg,4,0.9049,64
dog_image32.jpg,4,0.9049,64
dog_image18.jpg,4,0.9049,64
dog_image24.jpg,4,0.9049,64
cat_image41.jpg,4,0.9049,64
cat_image31.jpg,4,0.9049,64
dog_image26.jpg,4,0.9049,64
cat_image18.jpg,4,0.9049,64
cat_image4.jpg,3,0.561,82
cat_image1.jpg,3,0.561,82
dog_image14.jpg,3,0.561,82
cat_image25.jpg,3,0.561,82
cat_image13.jpg,3,0.561,82
dog_image10.jpg,3,0.561,82
cat_image32.jpg,3,0.561,82
dog_image13.jpg,3,0.561,82
cat_image47.jpg,3,0.561,82
cat_image26.jpg,3,0.561,82
dog_image30.jpg,3,0.561,82
cat_image3.jpg,2,0.29,93
cat_image11.jpg,2,0.29,93
dog_image19.jpg,2,0.29,93
cat_image36.jpg,2,0.29,93
cat_image15.jpg,2,0.29,93
dog_image36.jpg,1,0.1,98
cat_image46.jpg,1,0.1,98
dog_image7.jpg,1,0.1,98
