Content Name,R_count,Popularity,Rank
cat_image28.jpg,5,1.3144,1
dog_image44.jpg,5,1.3144,1
dog_image9.jpg,5,1.3144,1
cat_image19.jpg,5,1.3144,1
cat_image5.jpg,4,0.9049,5
cat_image35.jpg,4,0.9049,5
dog_image33.jpg,4,0.9049,5
dog_image27.jpg,4,0.9049,5
dog_image37.jpg,4,0.9049,5
dog_image2.jpg,4,0.9049,5
cat_image23.jpg,4,0.9049,5
cat_image10.jpg,4,0.9049,5
dog_image15.jpg,4,0.9049,5
cat_image38.jpg,4,0.9049,5
cat_image24.jpg,4,0.9049,5
cat_image39.jpg,3,0.561,16
dog_image41.jpg,3,0.561,16
cat_image50.jpg,3,0.561,16
dog_image4.jpg,3,0.561,16
dog_image28.jpg,3,0.561,16
dog_image3.jpg,3,0.561,16
cat_image48.jpg,3,0.561,16
dog_image50.jpg,3,0.561,16
cat_image30.jpg,3,0.561,16
dog_image23.jpg,3,0.561,16
cat_image7.jpg,3,0.561,16
dog_image12.jpg,3,0.561,16
cat_image37.jpg,3,0.561,16
cat_image33.jpg,3,0.561,16
dog_image11.jpg,3,0.561,16
cat_image12.jpg,3,0.561,16
cat_image8.jpg,3,0.561,16
cat_image40.jpg,3,0.561,16
dog_image42.jpg,3,0.561,16
dog_image21.jpg,3,0.561,16
dog_image46.jpg,3,0.561,16
dog_image25.jpg,3,0.561,37
cat_image31.jpg,2,0.29,38
cat_image26.jpg,2,0.29,38
cat_image45.jpg,2,0.29,38
dog_image35.jpg,2,0.29,38
dog_image5.jpg,2,0.29,38
dog_image43.jpg,2,0.29,38
cat_image16.jpg,2,0.29,38
dog_image49.jpg,2,0.29,38
dog_image26.jpg,2,0.29,38
dog_image8.jpg,2,0.29,38
dog_image45.jpg,2,0.29,38
cat_image6.jpg,2,0.29,38
cat_image4.jpg,2,0.29,38
dog_image17.jpg,2,0.29,38
cat_image1.jpg,2,0.29,38
dog_image39.jpg,2,0.29,38
dog_image47.jpg,2,0.29,38
cat_image32.jpg,2,0.29,38
dog_image30.jpg,2,0.29,38
cat_image2.jpg,2,0.29,38
dog_image1.jpg,2,0.29,38
dog_image16.jpg,2,0.29,38
cat_image14.jpg,2,0.29,38
dog_image32.jpg,2,0.29,38
cat_image9.jpg,2,0.29,38
cat_image49.jpg,2,0.29,38
cat_image20.jpg,2,0.29,38
cat_image43.jpg,2,0.29,38
cat_image27.jpg,2,0.29,38
cat_image42.jpg,2,0.29,38
dog_image6.jpg,1,0.1,68
cat_image13.jpg,1,0.1,68
cat_image29.jpg,1,0.1,68
cat_image18.jpg,1,0.1,68
cat_image44.jpg,1,0.1,68
cat_image15.jpg,1,0.1,68
cat_image47.jpg,1,0.1,68
dog_image36.jpg,1,0.1,68
cat_image11.jpg,1,0.1,68
dog_image13.jpg,1,0.1,68
dog_image40.jpg,1,0.1,68
cat_image36.jpg,1,0.1,68
cat_image21.jpg,1,0.1,68
dog_image22.jpg,1,0.1,68
dog_image34.jpg,1,0.1,68
dog_image14.jpg,1,0.1,68
dog_image38.jpg,1,0.1,68
cat_image17.jpg,1,0.1,68
cat_image3.jpg,1,0.1,68
dog_image24.jpg,1,0.1,68
dog_image18.jpg,1,0.1,68
dog_image10.jpg,1,0.1,68
